pseudo,prenom,nom,sexe
Lucas_1,Lucas,Martin,0
Emma_2,Emma,Bernard,1
Hugo_3,Hugo,Thomas,0
Jade_4,Jade,Petit,1
Arthur_5,Arthur,Robert,0
Louise_6,Louise,Richard,1
Leo_7,Leo,Durand,0
Alice_8,Alice,Dubois,1
Gabriel_9,Gabriel,Moreau,0
Chloe_10,Chloe,Laurent,1
Louis_11,Louis,Simon,0
Lina_12,Lina,Michel,1
Raphael_13,Raphael,Lefebvre,0
Lea_14,Lea,Leroy,1
Jules_15,Jules,Roux,0
Rose_16,Rose,David,1
Adam_17,Adam,Bertrand,0
Anna_18,Anna,Morel,1
Victor_19,Victor,Fournier,0
Mila_20,Mila,Girard,1
Martin_21,Martin,Bonnet,0
Ines_22,Ines,Dupont,1
Axel_23,Axel,Lambert,0
Ambre_24,Ambre,Fontaine,1
Ethan_25,Ethan,Rousseau,0
Julia_26,Julia,Vincent,1
Paul_27,Paul,Muller,0
Mia_28,Mia,Lefevre,1
Tom_29,Tom,Faure,0
Lou_30,Lou,Andre,1
Nathan_31,Nathan,Mercier,0
Lena_32,Lena,Blanc,1
Gabin_33,Gabin,Guerin,0
Zoe_34,Zoe,Boyer,1
Sacha_35,Sacha,Garnier,0
Agathe_36,Agathe,Chevalier,1
Noah_37,Noah,Francois,0
Iris_38,Iris,Legrand,1
Mael_39,Mael,Gauthier,0
Nina_40,Nina,Garcia,1
Theo_41,Theo,Perrin,0
Jeanne_42,Jeanne,Robin,1
Mathis_43,Mathis,Clement,0
Romane_44,Romane,Morin,1
Eliott_45,Eliott,Nicolas,0
Lola_46,Lola,Henry,1
Enzo_47,Enzo,Roussel,0
Camille_48,Camille,Mathieu,1
Gaspard_49,Gaspard,Gautier,0
Margaux_50,Margaux,Masson,1
Timeo_51,Timeo,Marchand,0
Eva_52,Eva,Duval,1
Baptiste_53,Baptiste,Denis,0
Lise_54,Lise,Dumont,1
Antoine_55,Antoine,Marie,0
Clemence_56,Clemence,Lemaire,1
Clement_57,Clement,Noel,0
Victoire_58,Victoire,Meyer,1
Maxime_59,Maxime,Dufour,0
Clara_60,Clara,Brun,1
Alexandre_61,Alexandre,Blanchard,0
Mathilde_62,Mathilde,Giraud,1
Yanis_63,Yanis,Joly,0
Lily_64,Lily,Riviere,1
Diego_65,Diego,Lucas,0
Lucie_66,Lucie,Brunet,1
Malo_67,Malo,Gaillard,0
Elise_68,Elise,Barbier,1
Titouan_69,Titouan,Arnaud,0
Anais_70,Anais,Martinez,1
Aymeric_71,Aymeric,Albert,0
Marine_72,Marine,Guillot,1
Bastien_73,Bastien,Colin,0
Lelia_74,Lelia,Leroux,1
Maxence_75,Maxence,Bouvier,0
Aline_76,Aline,Caron,1
Corentin_77,Corentin,Collet,0
Maya_78,Maya,Deschamps,1
Pierre_79,Pierre,Renaud,0
Noemie_80,Noemie,Bourgeois,1
Simon_81,Simon,Roy,0
Sarah_82,Sarah,Lombard,1
Valentin_83,Valentin,Vidal,0
Charlotte_84,Charlotte,Pichon,1
Remi_85,Remi,Garnier,0
Romy_86,Romy,Campion,1
Romain_87,Romain,Leclerc,0
Sofia_88,Sofia,Picard,1
Kylian_89,Kylian,Marc,0
Olivia_90,Olivia,Maillard,1
Matthieu_91,Matthieu,Blanc,0
Emy_92,Emy,Jacquet,1
Antonin_93,Antonin,Lecomte,0
Celia_94,Celia,Poulain,1
Nael_95,Nael,Besson,0
Apolline_96,Apolline,Laine,1
Noe_97,Noe,Boucher,0
Lilou_98,Lilou,Renard,1
Jean_99,Jean,Marin,0
Oceane_100,Oceane,Humbert,1
Leny_101,Leny,Poirier,0
Salome_102,Salome,Bailly,1
Tilio_103,Tilio,Millet,0
Juliette_104,Juliette,Guyot,1
Ewan_105,Ewan,Clerc,0
Melissa_106,Melissa,Julien,1
Soan_107,Soan,Couturier,0
Zelie_108,Zelie,Cochet,1
Timael_109,Timael,Morin,0
Ena_110,Ena,Marchal,1
Elio_111,Elio,Benoit,0
Roxane_112,Roxane,Buisson,1
Ibrahim_113,Ibrahim,Carpentier,0
Ninon_114,Ninon,Gillet,1
Rayan_115,Rayan,Dupuis,0
Solene_116,Solene,Vallee,1
Ismael_117,Ismael,Guillaume,0
Alaina_118,Alaina,Mallet,1
Samuel_119,Samuel,Tardieu,0
Margot_120,Margot,Payet,1
Ruben_121,Ruben,Rolland,0
Maeva_122,Maeva,Evrard,1
Aaron_123,Aaron,Charpentier,0
Lyana_124,Lyana,Casse,1
Yassine_125,Yassine,Meunier,0